address,addressgrowth,column,columngrowth,row,rowgrowth,time,timegrowth,growthlog,delay
64.0,0.017241379310344827,8.0,0.017241379310344827,0.0,0.0,5000.0,0.018018018018018018,-4.016383020752389,43750.0
64.0,0.01694915254237288,8.0,0.01694915254237288,0.0,0.0,5000.0,0.017699115044247787,-4.034240638152395,43750.0
64.0,0.016666666666666666,8.0,0.016666666666666666,0.0,0.0,5000.0,0.017391304347826087,-4.051784947803305,43750.0
64.0,0.01639344262295082,8.0,0.01639344262295082,0.0,0.0,5000.0,0.017094017094017096,-4.069026754237811,43750.0
64.0,0.016129032258064516,8.0,0.016129032258064516,0.0,0.0,5000.0,0.01680672268907563,-4.085976312551584,43750.0
64.0,0.015873015873015872,8.0,0.015873015873015872,0.0,0.0,5000.0,0.01652892561983471,-4.102643365036796,43750.0
64.0,0.015625,8.0,0.015625,0.0,0.0,5000.0,0.016260162601626018,-4.119037174812472,43750.0
64.0,0.015384615384615385,8.0,0.015384615384615385,0.0,0.0,5000.0,0.016,-4.135166556742356,43750.0
64.0,0.015151515151515152,8.0,0.015151515151515152,0.0,0.0,5000.0,0.015748031496062992,-4.151039905898646,43750.0
64.0,0.014925373134328358,8.0,0.014925373134328358,0.0,0.0,5000.0,0.015503875968992248,-4.1666652238017265,43750.0
64.0,0.014705882352941176,8.0,0.014705882352941176,0.0,0.0,5000.0,0.015267175572519083,-4.182050142641206,43750.0
64.0,0.014492753623188406,8.0,0.014492753623188406,0.0,0.0,5000.0,0.015037593984962405,-4.197201947661808,43750.0
64.0,0.014285714285714285,8.0,0.014285714285714285,0.0,0.0,5000.0,0.014814814814814815,-4.212127597878484,43750.0
64.0,0.014084507042253521,8.0,0.014084507042253521,0.0,0.0,5000.0,0.014598540145985401,-4.22683374526818,43750.0
64.0,0.013888888888888888,8.0,0.013888888888888888,0.0,0.0,5000.0,0.014388489208633094,-4.241326752570746,43750.0
64.0,0.0136986301369863,8.0,0.0136986301369863,0.0,0.0,5000.0,0.014184397163120567,-4.255612709818223,43750.0
64.0,0.013513513513513514,8.0,0.013513513513513514,0.0,0.0,5000.0,0.013986013986013986,-4.269697449699962,43750.0
64.0,0.013333333333333334,8.0,0.013333333333333334,0.0,0.0,5000.0,0.013793103448275862,-4.283586561860629,43750.0
64.0,0.013157894736842105,8.0,0.013157894736842105,0.0,0.0,5000.0,0.013605442176870748,-4.297285406218791,43750.0
64.0,0.012987012987012988,8.0,0.012987012987012988,0.0,0.0,5000.0,0.013422818791946308,-4.310799125385514,43750.0
64.0,0.01282051282051282,8.0,0.01282051282051282,0.0,0.0,5000.0,0.013245033112582781,-4.324132656254979,43750.0
64.0,0.012658227848101266,8.0,0.012658227848101266,0.0,0.0,5000.0,0.013071895424836602,-4.33729074083249,43750.0
64.0,0.0125,8.0,0.0125,0.0,0.0,5000.0,0.012903225806451613,-4.350277936359301,43750.0
64.0,0.012345679012345678,8.0,0.012345679012345678,0.0,0.0,5000.0,0.012738853503184714,-4.363098624788362,43750.0
64.0,0.012195121951219513,8.0,0.012195121951219513,0.0,0.0,5000.0,0.012578616352201259,-4.375757021660286,43750.0
64.0,0.012048192771084338,8.0,0.012048192771084338,0.0,0.0,5000.0,0.012422360248447204,-4.388257184424518,43750.0
64.0,0.011904761904761904,8.0,0.011904761904761904,0.0,0.0,5000.0,0.012269938650306749,-4.400603020246817,43750.0
64.0,0.011764705882352941,8.0,0.011764705882352941,0.0,0.0,5000.0,0.012121212121212121,-4.412798293340636,43750.0
64.0,0.011627906976744186,8.0,0.011627906976744186,0.0,0.0,5000.0,0.011976047904191617,-4.42484663185681,43750.0
64.0,0.011494252873563218,8.0,0.011494252873563218,0.0,0.0,5000.0,0.011834319526627219,-4.436751534363128,43750.0
64.0,0.011363636363636364,8.0,0.011363636363636364,0.0,0.0,5000.0,0.011695906432748537,-4.448516375942715,43750.0
64.0,0.011235955056179775,8.0,0.011235955056179775,0.0,0.0,5000.0,0.011560693641618497,-4.460144413937834,43750.0
64.0,0.011111111111111112,8.0,0.011111111111111112,0.0,0.0,5000.0,0.011428571428571429,-4.471638793363569,43750.0
64.0,0.01098901098901099,8.0,0.01098901098901099,0.0,0.0,5000.0,0.011299435028248588,-4.483002552013883,43750.0
64.0,0.010869565217391304,8.0,0.010869565217391304,0.0,0.0,5000.0,0.0111731843575419,-4.4942386252808095,43750.0
64.0,0.010752688172043012,8.0,0.010752688172043012,0.0,0.0,5000.0,0.011049723756906077,-4.505349850705881,43750.0
64.0,0.010638297872340425,8.0,0.010638297872340425,0.0,0.0,5000.0,0.01092896174863388,-4.516338972281476,43750.0
64.0,0.010526315789473684,8.0,0.010526315789473684,0.0,0.0,5000.0,0.010810810810810811,-4.527208644518379,43750.0
64.0,0.010416666666666666,8.0,0.010416666666666666,0.0,0.0,5000.0,0.0106951871657754,-4.537961436294641,43750.0
64.0,0.010309278350515464,8.0,0.010309278350515464,0.0,0.0,5000.0,0.010582010582010581,-4.548599834499697,43750.0
64.0,0.01020408163265306,8.0,0.01020408163265306,0.0,0.0,5000.0,0.010471204188481676,-4.5591262474866845,43750.0
64.0,0.010101010101010102,8.0,0.010101010101010102,0.0,0.0,5000.0,0.010362694300518135,-4.56954300834494,43750.0
-5304576.0,-0.2033578931097682,-544.0,-2.72,-647.0,-0.2032035175879397,5000.0,0.010050251256281407,-4.600157644164547,71250.0
28019648.0,0.5178794488658408,376.0,0.6527777777777778,3420.0,0.5178679588128408,5000.0,0.009950248756218905,-4.61015772749913,113750.0
-38251008.0,-2.41276966800155,-320.0,-1.25,-4669.0,-2.412919896640827,5000.0,0.009852216748768473,-4.620058798481842,156250.0
-4224128.0,-0.36322712013648123,368.0,0.5897435897435898,-516.0,-0.36363636363636365,5000.0,0.00975609756097561,-4.629862798578463,198750.0
106442304.0,0.9015053085012448,-568.0,-10.142857142857142,12994.0,0.9015472143204052,5000.0,0.00966183574879227,-4.639571612705423,241250.0
-51508096.0,-0.7738172042493825,400.0,0.8771929824561403,-6288.0,-0.7739076923076923,5000.0,0.009569377990430622,-4.6491870714048655,283750.0
-29045696.0,-0.7741812772722776,392.0,0.46226415094339623,-3546.0,-0.7744048918977943,5000.0,0.009478672985781991,-4.658710952916121,326250.0
19499328.0,0.341989796777398,-728.0,-6.066666666666666,2381.0,0.3420977011494253,5000.0,0.009389671361502348,-4.66814498514948,368750.0
64.0,1.122454133717961e-06,8.0,0.04,0.0,0.0,5000.0,0.005263157894736842,-5.247024072160486,43750.0
64.0,1.1224528738160928e-06,8.0,0.038461538461538464,0.0,0.0,5000.0,0.005235602094240838,-5.25227342804663,43750.0
64.0,1.1224516139170531e-06,8.0,0.037037037037037035,0.0,0.0,5000.0,0.005208333333333333,-5.2574953720277815,43750.0
64.0,1.1224503540208416e-06,8.0,0.03571428571428571,0.0,0.0,5000.0,0.0051813471502590676,-5.262690188904886,43750.0
64.0,1.1224490941274586e-06,8.0,0.034482758620689655,0.0,0.0,5000.0,0.005154639175257732,-5.267858159063328,43750.0
64.0,1.1224478342369038e-06,8.0,0.03333333333333333,0.0,0.0,5000.0,0.005128205128205128,-5.272999558563747,43750.0
64.0,1.1224465743491775e-06,8.0,0.03225806451612903,0.0,0.0,5000.0,0.00510204081632653,-5.278114659230518,43750.0
64.0,1.1224453144642794e-06,8.0,0.03125,0.0,0.0,5000.0,0.005076142131979695,-5.2832037287379885,43750.0
64.0,1.1224440545822096e-06,8.0,0.030303030303030304,0.0,0.0,5000.0,0.005050505050505051,-5.288267030694535,43750.0
64.0,1.122442794702968e-06,8.0,0.029411764705882353,0.0,0.0,5000.0,0.005025125628140704,-5.293304824724492,43750.0
64.0,1.1224415348265548e-06,8.0,0.02857142857142857,0.0,0.0,5000.0,0.005,-5.298317366548036,43750.0
64.0,1.1224402749529697e-06,8.0,0.027777777777777776,0.0,0.0,5000.0,0.004975124378109453,-5.303304908059076,43750.0
64.0,1.122439015082213e-06,8.0,0.02702702702702703,0.0,0.0,5000.0,0.0049504950495049506,-5.308267697401205,43750.0
64.0,1.1224377552142846e-06,8.0,0.02631578947368421,0.0,0.0,5000.0,0.0049261083743842365,-5.313205979041787,43750.0
64.0,1.1224364953491844e-06,8.0,0.02564102564102564,0.0,0.0,5000.0,0.004901960784313725,-5.318119993844216,43750.0
64.0,1.1224352354869125e-06,8.0,0.025,0.0,0.0,5000.0,0.004878048780487805,-5.3230099791384085,43750.0
64.0,1.1224339756274686e-06,8.0,0.024390243902439025,0.0,0.0,5000.0,0.0048543689320388345,-5.327876168789581,43750.0
-2112.0,-3.704169323192141e-05,-264.0,-4.125,0.0,0.0,5000.0,0.004830917874396135,-5.332718793265369,43750.0
-37992704.0,-1.9970799187221617,224.0,0.7777777777777778,-4638.0,-1.9974160206718345,5000.0,0.004807692307692308,-5.337538079701318,43750.0
48165312.0,0.7168583634571147,568.0,0.6635514018691588,5879.0,0.7168637970979149,5000.0,0.004784688995215311,-5.342334251964811,71250.0
64415296.0,0.48946031851011806,-824.0,-25.75,7864.0,0.4895113600995954,5000.0,0.004761904761904762,-5.3471075307174685,113750.0
-54408704.0,-0.704812185165165,320.0,0.9090909090909091,-6642.0,-0.7048710601719198,5000.0,0.004739336492890996,-5.351858133476067,156250.0
-63111552.0,-4.480928795383287,-48.0,-0.15789473684210525,-7704.0,-4.481675392670157,5000.0,0.0047169811320754715,-5.356586274672012,198750.0
54452416.0,0.7944978424467896,24.0,0.07317073170731707,6647.0,0.7945254601960315,5000.0,0.004694835680751174,-5.3612921657094255,241250.0
-47277760.0,-2.2238796534346457,-216.0,-1.9285714285714286,-5771.0,-2.2238921001926784,5000.0,0.004672897196261682,-5.365976015021851,283750.0
13105408.0,0.38136423401980835,800.0,0.8771929824561403,1599.0,0.3812589413447783,5000.0,0.004651162790697674,-5.3706380281276624,326250.0
42104704.0,0.5506096254536202,-272.0,-0.425,5140.0,0.5506749517891579,5000.0,0.004629629629629629,-5.375278407684165,368750.0
64.0,1.481382722633306e-06,8.0,0.009900990099009901,0.0,0.0,47500.0,0.018043684710351376,-4.014959532967535,256250.0
64.0,1.481380528141786e-06,8.0,0.00980392156862745,0.0,0.0,47500.0,0.017723880597014924,-4.032842362464307,213750.0
64.0,1.4813783336567675e-06,8.0,0.009708737864077669,0.0,0.0,47500.0,0.017415215398716773,-4.05041100666663,171250.0
64.0,1.481376139178251e-06,8.0,0.009615384615384616,0.0,0.0,47500.0,0.017117117117117116,-4.0676763151399395,128750.0
64.0,1.4813739447062362e-06,8.0,0.009523809523809525,0.0,0.0,47500.0,0.01682905225863596,-4.0846485849832215,86250.0
-129368512.0,-41.75462188345624,-56.0,-0.25925925925925924,-15792.0,-41.77777777777778,32500.0,0.010851419031719533,-4.523459421213858,411250.0
90774016.0,0.9669944878319828,-192.0,-8.0,11081.0,0.9670128283445327,47500.0,0.015612161051766639,-4.1597051138210865,426250.0
-24310336.0,-0.34947732370600587,440.0,0.9482758620689655,-2968.0,-0.34954657873042044,47500.0,0.015372168284789644,-4.1751966588511955,426250.0
58293568.0,0.45593302041353667,-88.0,-0.23404255319148937,7116.0,0.45594925354007815,47500.0,0.015139442231075698,-4.190451872399444,426250.0
-87092288.0,-2.1365386245811915,632.0,0.626984126984127,-10632.0,-2.1370854271356783,47500.0,0.014913657770800628,-4.205477856965668,426250.0
47386496.0,0.5375680659822557,-528.0,-1.1,5785.0,0.537639405204461,47500.0,0.014694508894044857,-4.220281399605417,426250.0
-9707328.0,-0.123750982121513,24.0,0.047619047619047616,-1185.0,-0.1237597911227154,47500.0,0.014481707317073171,-4.234868990337594,426250.0
14608768.0,0.1569970940729405,304.0,0.37623762376237624,1783.0,0.15698186300405,47500.0,0.014274981217129978,-4.249246839228671,426250.0
-39738624.0,-0.7453893055177075,96.0,0.10619469026548672,-4851.0,-0.7455048409405256,47500.0,0.014074074074074074,-4.263420892266034,426250.0
-8623872.0,-0.19297655174784215,-736.0,-4.380952380952381,-1052.0,-0.1928505957836847,47500.0,0.013878743608473338,-4.277396846122008,426250.0
86189824.0,0.6585482379508425,224.0,0.5714285714285714,10521.0,0.6585503254882323,47500.0,0.013688760806916427,-4.291180161900309,426250.0
-36789568.0,-0.3910083393418314,88.0,0.18333333333333332,-4491.0,-0.3910317805833696,47500.0,0.013503909026297086,-4.304776077947949,426250.0
19487936.0,0.1715836291211903,-104.0,-0.2765957446808511,2379.0,0.17159549913444894,47500.0,0.01332398316970547,-4.318189621807801,426250.0
-62079104.0,-1.2054711782594485,-16.0,-0.044444444444444446,-7578.0,-1.2055361119949093,47500.0,0.01314878892733564,-4.331425621380092,426250.0
13286016.0,0.20508235638139702,-176.0,-0.9565217391304348,1622.0,0.20510875063227113,47500.0,0.012978142076502733,-4.344488715354816,426250.0
-50317952.0,-3.4783943653248035,688.0,0.7889908256880734,-6143.0,-3.4804532577903684,47500.0,0.012811867835468645,-4.3573833629714915,426250.0
84568320.0,0.853930667328418,-736.0,-5.411764705882353,10324.0,0.8539995036810324,47500.0,0.012649800266311585,-4.37011385315764,426250.0
-39042368.0,-0.6507949885424357,88.0,0.39285714285714285,-4766.0,-0.6508261641403796,47500.0,0.012491781722550954,-4.382684313092852,426250.0
-5040640.0,-0.09172944240238898,704.0,0.7586206896551724,-616.0,-0.09184434173251826,47500.0,0.012337662337662338,-4.395098716241234,426250.0
4176256.0,0.0706314552110371,-208.0,-0.28888888888888886,510.0,0.07066648191769433,47500.0,0.012187299550994226,-4.407360889891336,426250.0
16321152.0,0.21632153799695306,-688.0,-21.5,1993.0,0.21639522258414767,47500.0,0.012040557667934094,-4.419474522239379,426250.0
24617408.0,0.24601175160582042,56.0,0.6363636363636364,3005.0,0.24600900532132625,47500.0,0.011897307451471509,-4.431443169048572,426250.0
-44922688.0,-0.8146536616164547,280.0,0.7608695652173914,-5484.0,-0.8147377804189571,47500.0,0.011757425742574257,-4.4432702599146,426250.0
-13496576.0,-0.32407296420942633,480.0,0.5660377358490566,-1648.0,-0.32421798150698405,47500.0,0.011620795107033639,-4.454959104164913,426250.0
-28799040.0,-2.24157513263095,-520.0,-1.5853658536585367,-3515.0,-2.2417091836734695,47500.0,0.011487303506650543,-4.466512896417196,426250.0
16428736.0,0.561159398746076,472.0,0.59,2005.0,0.5611530926392387,47500.0,0.011356843992827256,-4.477934721820383,426250.0
3847744.0,0.11616125510805406,-312.0,-0.639344262295082,470.0,0.11625030917635419,47500.0,0.011229314420803783,-4.489227560999728,426250.0
16510976.0,0.3326469378466093,512.0,0.512,2015.0,0.33261802575107297,47500.0,0.011104617182933957,-4.500394294725753,426250.0
-671168.0,-0.013707385806640507,-952.0,-19.833333333333332,-81.0,-0.013551949138363727,47500.0,0.010982658959537572,-4.511437708325384,426250.0
-12614144.0,-0.3470207723701771,192.0,0.8,-1540.0,-0.3470813612801442,47500.0,0.010863350485991996,-4.522360495852162,426250.0
-9332288.0,-0.34541595503009603,-200.0,-5.0,-1139.0,-0.34536082474226804,47500.0,0.010746606334841629,-4.533165264031148,426250.0
48613184.0,0.642770345171909,232.0,0.8529411764705882,5934.0,0.6427642980935875,47500.0,0.010632344711807499,-4.543854535992987,426250.0
-73930112.0,-43.472753274123136,336.0,0.5526315789473685,-9025.0,-43.59903381642512,47500.0,0.010520487264673311,-4.5544307548104905,426250.0
60533312.0,0.9726739372997877,328.0,0.3504273504273504,7389.0,0.9727488151658767,47500.0,0.010410958904109589,-4.564896286850152,426250.0
-44501184.0,-2.509549795361528,-280.0,-0.4268292682926829,-5432.0,-2.510166358595194,47500.0,0.010303687635574838,-4.575253424950098,426250.0
14125312.0,0.4433828463062144,288.0,0.3050847457627119,1724.0,0.4434156378600823,47500.0,0.010198604401502952,-4.585504391435148,426250.0
-16381760.0,-1.0585070528540177,-744.0,-3.72,-1999.0,-1.058231868713605,47500.0,0.010095642933049946,-4.595651340978884,426250.0
-14577408.0,-16.217301530793875,544.0,0.7311827956989247,-1780.0,-16.3302752293578,47500.0,0.009994739610731194,-4.6056963633219885,426250.0
123886976.0,0.9927966195143142,-80.0,-0.12048192771084337,15123.0,0.9928440126050421,47500.0,0.009895833333333333,-4.615641485855387,426250.0
-83446464.0,-2.018570181196666,-344.0,-1.075,-10186.0,-2.0186286167261196,47500.0,0.009798865394533264,-4.625488676076212,426250.0
9423168.0,0.185632245497469,296.0,0.4805194805194805,1150.0,0.1856036152356359,47500.0,0.009703779366700716,-4.6352398439240154,426250.0
34848384.0,0.4070552475160185,-48.0,-0.08450704225352113,4254.0,0.40708133971291866,47500.0,0.009610520991401113,-4.644896844004176,426250.0
-19098304.0,-0.2871379635509882,-344.0,-1.5357142857142858,-2331.0,-0.2871043231925114,47500.0,0.009519038076152305,-4.654461477704968,426250.0
64.0,9.62222194424692e-07,8.0,0.034482758620689655,0.0,0.0,47500.0,0.009429280397022333,-4.663935495214343,426250.0
64.0,9.622212685540317e-07,8.0,0.03333333333333333,0.0,0.0,47500.0,0.009341199606686333,-4.673320597442065,383750.0
64.0,9.622203426851528e-07,8.0,0.03225806451612903,0.0,0.0,47500.0,0.009254749147588894,-4.6826184378524935,341250.0
64.0,9.62219416818056e-07,8.0,0.03125,0.0,0.0,47500.0,0.00916988416988417,-4.691830624212933,298750.0
64.0,9.622184909527406e-07,8.0,0.030303030303030304,0.0,0.0,47500.0,0.009086561453849833,-4.700958720262193,256250.0
64.0,9.622175650892071e-07,8.0,0.029411764705882353,0.0,0.0,47500.0,0.00900473933649289,-4.710004247303671,213750.0
-576.0,-8.660033081326371e-06,-72.0,-0.36,0.0,0.0,47500.0,0.008924377642085486,-4.718968685727039,171250.0
-53453056.0,-4.093073858262314,-32.0,-0.19047619047619047,-6525.0,-4.093475533249686,47500.0,0.008845437616387336,-4.727853476462315,128750.0
115314240.0,0.8982704485606514,456.0,0.7307692307692307,14076.0,0.8982769623484365,47500.0,0.008767881864328565,-4.736660022369919,113750.0
-6367040.0,-0.2113666542731184,-232.0,-1.5263157894736843,-777.0,-0.21131357084579822,32500.0,0.005925250683682771,-5.128532283373639,411250.0
95896064.0,0.7609635301472638,64.0,0.2962962962962963,11706.0,0.7609699018396932,47500.0,0.00858563036601898,-4.75766536088461,426250.0
-103196992.0,-4.521766807441432,728.0,0.7711864406779662,-12598.0,-4.523518850987433,47500.0,0.008512544802867384,-4.766214344334761,426250.0
68249600.0,0.7494037236875948,-768.0,-4.363636363636363,8332.0,0.7494827741297112,47500.0,0.008440693025322079,-4.774690861740291,426250.0
64.0,7.027411825306975e-07,8.0,0.043478260869565216,0.0,0.0,47500.0,0.008370044052863436,-4.783096131309008,426250.0
64.0,7.027406886858749e-07,8.0,0.041666666666666664,0.0,0.0,47500.0,0.008300567933595456,-4.791431340786127,383750.0
64.0,7.027401948417464e-07,8.0,0.04,0.0,0.0,47500.0,0.008232235701906412,-4.7996976484615494,341250.0
64.0,7.027397009983121e-07,8.0,0.038461538461538464,0.0,0.0,47500.0,0.008165019338203695,-4.807896184135851,298750.0
64.0,7.027392071555717e-07,8.0,0.037037037037037035,0.0,0.0,47500.0,0.008098891730605285,-4.81602805004698,256250.0
64.0,7.027387133135254e-07,8.0,0.03571428571428571,0.0,0.0,47500.0,0.008033826638477801,-4.824094321759593,213750.0
64.0,7.027382194721733e-07,8.0,0.034482758620689655,0.0,0.0,47500.0,0.007969798657718121,-4.8320960490188,171250.0
64.0,7.027377256315153e-07,8.0,0.03333333333333333,0.0,0.0,47500.0,0.007906783187682065,-4.8400342565700285,128750.0
64.0,7.027372317915512e-07,8.0,0.03225806451612903,0.0,0.0,47500.0,0.007844756399669695,-4.847909944946597,86250.0
64.0,2.266175964031255e-06,8.0,0.017857142857142856,0.0,0.0,32500.0,0.005282405526208858,-5.243373692929519,156250.0
64.0,2.2661708284893933e-06,8.0,0.017543859649122806,0.0,0.0,47500.0,0.007661290322580645,-4.871574859992587,128750.0
64.0,2.2661656929708074e-06,8.0,0.017241379310344827,0.0,0.0,47500.0,0.007603041216486595,-4.879206951668512,86250.0
-10011328.0,-0.4794888378694017,-88.0,-0.11827956989247312,-1222.0,-0.47959183673469385,32500.0,0.005130228887134964,-5.272605003419548,411250.0
36733376.0,0.6375933685552924,56.0,0.07,4484.0,0.6376564277588168,47500.0,0.007442224833529181,-4.900585438075043,426250.0
-15442944.0,-0.3662103505843072,-128.0,-0.19047619047619047,-1885.0,-0.36623275694579366,47500.0,0.007387247278382581,-4.90800010619107,426250.0
44480384.0,0.5133340128487502,-272.0,-0.68,5430.0,0.5133780845230217,47500.0,0.007333076032419915,-4.91536020139567,426250.0
-21481856.0,-0.3296374571324191,-304.0,-3.1666666666666665,-2622.0,-0.32960402262727845,47500.0,0.0072796934865900385,-4.9226665211502985,426250.0
6317696.0,0.08837690672768911,208.0,0.6842105263157895,771.0,0.08835663534265414,47500.0,0.0072270825408900724,-4.9299198455634405,426250.0
52093440.0,0.4215386814409252,64.0,0.17391304347826086,6359.0,0.4215445807093139,47500.0,0.007175226586102719,-4.937120937890458,426250.0
-61950784.0,-1.0052297898633877,-360.0,-45.0,-7562.0,-1.0051841020869334,47500.0,0.007124109486314211,-4.9442705450155735,426250.0
33291392.0,0.3507315306957009,912.0,0.991304347826087,4063.0,0.3506818574141205,47500.0,0.007073715562174236,-4.951369397916743,426250.0
25877888.0,0.2142248995345609,-80.0,-0.09523809523809523,3159.0,0.21424211597151577,47500.0,0.007024029574861368,-4.958418212114141,426250.0
8520064.0,0.06588468423347427,48.0,0.05405405405405406,1040.0,0.0658853341780171,47500.0,0.0069750367107195305,-4.965417688102963,426250.0
-109719744.0,-5.598494546404546,-536.0,-1.5227272727272727,-13393.0,-5.599080267558528,47500.0,0.006926722566532993,-4.972368511771163,426250.0
48901376.0,0.7138943701976261,416.0,0.5416666666666666,5969.0,0.7139098193995933,47500.0,0.0068790731354091235,-4.979271354802797,426250.0
-33451200.0,-0.9544326542239363,-408.0,-1.1333333333333333,-4083.0,-0.9544179523141655,47500.0,0.0068320747932398415,-4.986126875067525,426250.0
-21639296.0,-1.613793761783166,496.0,0.5794392523364486,-2642.0,-1.614914425427873,47500.0,0.0067857142857142855,-4.992935716996855,426250.0
33233024.0,0.7125130869218599,-240.0,-0.38961038961038963,4057.0,0.7126295450553312,47500.0,0.006739978715856687,-4.999698511947672,426250.0
-1394112.0,-0.030810553919530182,-184.0,-0.42592592592592593,-170.0,-0.03078037298569618,47500.0,0.0066948555320648345,-5.006415878553548,426250.0
-37490368.0,-4.8327874532839425,552.0,0.5609756097560976,-4577.0,-4.838266384778013,47500.0,0.006650332516625832,-5.013088423064333,426250.0
98154624.0,0.9267552815103479,-240.0,-0.3225806451612903,11982.0,0.926825495049505,47500.0,0.006606397774687065,-5.019716739674497,426250.0
-102166912.0,-27.279310993010817,-560.0,-3.0434782608695654,-12471.0,-27.288840262582056,47500.0,0.0065630397236614854,-5.026301410840655,426250.0
-3364928.0,-8.848367553012453,248.0,0.5740740740740741,-411.0,-8.934782608695652,47500.0,0.006520247083047358,-5.03284300758871,426250.0
114493760.0,0.996689522075517,296.0,0.4065934065934066,13976.0,0.9967194408786193,47500.0,0.0064780088646437094,-5.039342089811011,426250.0
-103793600.0,-9.367274680590532,-120.0,-0.19736842105263158,-12670.0,-9.371301775147929,47500.0,0.006436314363143632,-5.045799206553923,426250.0
54711424.0,0.8315833299286575,-368.0,-1.5333333333333334,6679.0,0.8316523471547752,47500.0,0.0063951531470885226,-5.052214896296167,426250.0
23468288.0,0.26292007542894835,-224.0,-14.0,2865.0,0.26294052863436124,47500.0,0.006354515050167224,-5.058589687218292,426250.0
24249472.0,0.21363360600094272,144.0,0.9,2960.0,0.21362586605080833,47500.0,0.006314390162844799,-5.064924097463605,426250.0
-35559232.0,-0.4561776719554999,280.0,0.6363636363636364,-4341.0,-0.45622700998423543,47500.0,0.006274768824306473,-5.071218635390899,426250.0
3270080.0,0.04026176649042212,184.0,0.2948717948717949,399.0,0.04024611660278394,47500.0,0.0062356416147029865,-5.077473799819269,426250.0
11550592.0,0.12450639785643525,-16.0,-0.02631578947368421,1410.0,0.12451430589897562,47500.0,0.006196999347684279,-5.083690080265319,426250.0
-39355328.0,-0.7367739369126826,-120.0,-0.2459016393442623,-4804.0,-0.7368098159509202,47500.0,0.006158833063209076,-5.089867957173047,426250.0
2098624.0,0.037803258428520704,184.0,0.27380952380952384,256.0,0.03778040141676505,47500.0,0.006121134020618557,-5.096007902136669,426250.0
-20920704.0,-0.604755367919397,208.0,0.23636363636363636,-2554.0,-0.6049265750828992,47500.0,0.006083893691962856,-5.102110378116638,426250.0
85057728.0,0.7108795524919593,24.0,0.02654867256637168,10383.0,0.7109209174940089,47500.0,0.0060471037555697,-5.108175839649126,426250.0
-91339392.0,-3.2261723650748797,-848.0,-15.142857142857142,-11149.0,-3.2259837962962963,47500.0,0.0060107560898449855,-5.114204733049177,426250.0
63390272.0,0.691261738858553,72.0,0.5625,7738.0,0.6912631767018046,47500.0,0.005974842767295598,-5.120197496607782,426250.0
39859264.0,0.3029704973952265,648.0,0.8350515463917526,4865.0,0.30294538887851047,47500.0,0.005939356048765239,-5.126154560783077,426250.0
-107692736.0,-4.5118621799168785,-88.0,-0.12790697674418605,-13146.0,-4.51287332646756,47500.0,0.005904288377874456,-5.132076348385888,426250.0
61474304.0,0.7203195234145691,192.0,0.21818181818181817,7504.0,0.7203609484496496,47500.0,0.005869632375656472,-5.137963274759804,426250.0
44696576.0,0.3437149030203704,128.0,0.12698412698412698,5456.0,0.3437283437283437,47500.0,0.005835380835380835,-5.1438157479559905,426250.0
-6501120.0,-0.05262421708655176,-608.0,-1.52,-793.0,-0.052586206896551725,47500.0,0.005801526717557252,-5.149634168902912,426250.0
-53660224.0,-0.7679092988132974,-328.0,-4.555555555555555,-6550.0,-0.7678780773739742,47500.0,0.005768063145112325,-5.155418931571146,426250.0
-37942400.0,-1.1880785332235135,368.0,0.8363636363636363,-4632.0,-1.1883016931759878,47500.0,0.005734983398732267,-5.161170423133456,426250.0
-28713472.0,-8.9104089293162,-64.0,-0.1702127659574468,-3505.0,-8.91857506361323,47500.0,0.005702280912364946,-5.166889024120293,426250.0
94575552.0,0.9670498019100919,-136.0,-0.5666666666666667,11545.0,0.96707991288323,47500.0,0.005669949268874963,-5.17257510857087,426250.0
31469056.0,0.2434421659987781,448.0,0.6511627906976745,3841.0,0.2434248051207301,47500.0,0.005637982195845697,-5.178229044179967,426250.0
-96360256.0,-2.9282765005280367,280.0,0.2892561983471074,-11763.0,-2.929033864541833,47500.0,0.005606373561522573,-5.183851192440611,426250.0
94239744.0,0.74118988354856,-128.0,-0.1523809523809524,11504.0,0.7412371134020619,47500.0,0.005575117370892019,-5.189441908782766,426250.0
-118525312.0,-13.748045758572308,-432.0,-1.0588235294117647,-14468.0,-13.752851711026617,47500.0,0.005544207761890867,-5.195001542708169,426250.0
107559232.0,0.9257943503073838,-216.0,-1.125,13130.0,0.9258214638273868,47500.0,0.005513639001741149,-5.200530437921435,426250.0
14780352.0,0.11286085903913622,248.0,0.5636363636363636,1804.0,0.11284874264981859,47500.0,0.005483405483405483,-5.2060289324575635,426250.0
-19778304.0,-0.17789039659180983,-352.0,-4.0,-2414.0,-0.17786619510757443,47500.0,0.0054535017221584384,-5.2114973588059526,426250.0
-70913408.0,-1.7609872775963318,592.0,0.8705882352941177,-8657.0,-1.7613428280773142,47500.0,0.005423922352269483,-5.216936044031047,426250.0
60996928.0,0.6023433243884465,-88.0,-0.14864864864864866,7446.0,0.6023784483456031,47500.0,0.005394662123793299,-5.222345309889711,426250.0
-20374080.0,-0.25186777505524405,-72.0,-0.13846153846153847,-2487.0,-0.2518736074539194,47500.0,0.005365715899463428,-5.227725472945464,426250.0
-72627776.0,-8.78824886933895,312.0,0.375,-8866.0,-8.795634920634921,47500.0,0.0053370786516853935,-5.233076844679636,426250.0
71669440.0,0.8966118291734824,-296.0,-0.5522388059701493,8749.0,0.8966895562160501,47500.0,0.005308745459625594,-5.238399731599586,426250.0
-13447936.0,-0.20226810891774374,416.0,0.4369747899159664,-1642.0,-0.20234134319162045,47500.0,0.0052807115063924406,-5.243694435344038,426250.0
-37968704.0,-1.3314414086871433,-872.0,-10.9,-4634.0,-1.3312266590060327,47500.0,0.005252972076306331,-5.248961252785658,426250.0
10758912.0,0.2739316197534244,352.0,0.8148148148148148,1313.0,0.2738840216937839,47500.0,0.005225522552255226,-5.254200476130929,426250.0
84874432.0,0.6836423865981321,-360.0,-5.0,10361.0,0.6836687561860773,47500.0,0.005198358413132695,-5.259412393017438,426250.0
-33942848.0,-0.3762752821583947,600.0,0.8928571428571429,-4144.0,-0.37635092180546725,47500.0,0.005171475231355471,-5.26459728660863,426250.0
-48843520.0,-1.1808228843035562,-352.0,-1.1,-5962.0,-1.1808278867102397,47500.0,0.005144868670457623,-5.269755435686123,426250.0
75660992.0,0.6465372173594419,-40.0,-0.14285714285714285,9236.0,0.6465523276163808,47500.0,0.0051185344827586205,-5.27488711473965,426250.0
-66726272.0,-1.326600646124209,720.0,0.72,-8146.0,-1.3269262094803713,47500.0,0.0050924685071026534,-5.279992594054717,426250.0
-11649472.0,-0.30141548020016756,-56.0,-0.059322033898305086,-1422.0,-0.30146279414882343,47500.0,0.005066666666666666,-5.285072139798016,426250.0
93246208.0,0.7069707588945618,-416.0,-0.7878787878787878,11383.0,0.7070186335403726,47500.0,0.0050411249668347044,-5.290126014100695,426250.0
2257344.0,0.01682666734092285,-456.0,-6.333333333333333,276.0,0.016853932584269662,47500.0,0.00501583949313622,-5.295154475139528,426250.0
-107064768.0,-3.952479621972829,584.0,0.8902439024390244,-13070.0,-3.953418027828191,47500.0,0.004990806409246125,-5.300157777216057,426250.0
12516032.0,0.3160292366191402,-168.0,-0.3442622950819672,1528.0,0.3160943318163012,47500.0,0.004966021955044433,-5.305136170833758,426250.0
25689792.0,0.39344903432214356,-40.0,-0.08928571428571429,3136.0,0.3934755332496863,47500.0,0.00494148244473342,-5.310089902773304,426250.0
25311296.0,0.27935834089729145,-248.0,-1.24,3090.0,0.2793851717902351,47500.0,0.004917184265010352,-5.315019216165968,426250.0
15823616.0,0.14867804123878725,608.0,0.7524752475247525,1931.0,0.1486413671003002,47500.0,0.004893123873293845,-5.319924350565227,426250.0
64.0,6.013409904086112e-07,8.0,0.00980392156862745,0.0,0.0,47500.0,0.004869297796002051,-5.324805542016616,426250.0
64.0,6.013406287978419e-07,8.0,0.009708737864077669,0.0,0.0,47500.0,0.004845702626880897,-5.3296630231258915,383750.0
64.0,6.013402671875075e-07,8.0,0.009615384615384616,0.0,0.0,47500.0,0.004822335025380711,-5.334497023125539,341250.0
64.0,6.013399055776081e-07,8.0,0.009523809523809525,0.0,0.0,47500.0,0.004799191715079565,-5.33930776793969,298750.0
64.0,6.013395439681435e-07,8.0,0.009433962264150943,0.0,0.0,47500.0,0.0047762694821518355,-5.344095480247477,256250.0
64.0,6.013391823591137e-07,8.0,0.009345794392523364,0.0,0.0,47500.0,0.0047535651738804105,-5.348860379544883,213750.0
64.0,6.013388207505189e-07,8.0,0.009259259259259259,0.0,0.0,47500.0,0.0047310756972111555,-5.353602682205125,171250.0
64.0,6.013384591423591e-07,8.0,0.009174311926605505,0.0,0.0,47500.0,0.004708798017348203,-5.358322601537608,128750.0
64.0,6.013380975346341e-07,8.0,0.00909090909090909,0.0,0.0,47500.0,0.0046867291563887515,-5.363020347845505,86250.0
-43766848.0,-7.202437123478115,376.0,0.47,-5343.0,-7.2105263157894735,32500.0,0.0031808172253486667,-5.750617126102741,411250.0
115794112.0,0.9501384023261884,24.0,0.02912621359223301,14135.0,0.9501882226404947,47500.0,0.004627374573794447,-5.375765618412438,426250.0
-69313664.0,-1.3188253846481695,-144.0,-0.21176470588235294,-8461.0,-1.3189399844115355,47500.0,0.004606060606060606,-5.380382319602341,426250.0
-35606336.0,-2.10057163137705,-488.0,-2.5416666666666665,-4346.0,-2.1005316578057034,47500.0,0.004584942084942085,-5.384977804772879,426250.0
68894912.0,0.802543577723454,24.0,0.1111111111111111,8410.0,0.8025574959442695,47500.0,0.004564016334374249,-5.389552268028535,426250.0
34854848.0,0.2887712585620161,760.0,0.7786885245901639,4254.0,0.2887395642435349,47500.0,0.004543280726924916,-5.394105900822138,426250.0
-41803840.0,-0.5298553409785027,-8.0,-0.008264462809917356,-5103.0,-0.5299065420560748,47500.0,0.004522732682694597,-5.398638892002942,426250.0
-77074816.0,-42.304914462359925,-560.0,-1.3725490196078431,-9408.0,-42.37837837837838,47500.0,0.004502369668246445,-5.403151427863617,426250.0
120021824.0,0.9850473367062225,104.0,0.203125,14651.0,0.9850736233443153,47500.0,0.004482189195564991,-5.407643692186197,426250.0
-29019456.0,-0.31262794069687994,-424.0,-4.818181818181818,-3542.0,-0.31259376930544525,47500.0,0.004462188821042743,-5.412115866286984,426250.0
-76699520.0,-4.756637255952594,272.0,0.7555555555555555,-9363.0,-4.757621951219512,47500.0,0.004442366144493804,-5.416568129060468,426250.0
6288576.0,0.28057325932017546,-360.0,-inf,768.0,0.2807017543859649,47500.0,0.004422718808193668,-5.42100065702226,426250.0
84360448.0,0.7900859537024827,928.0,1.0,10297.0,0.7900713573237167,47500.0,0.00440324449594438,-5.425413624351088,426250.0
-24430336.0,-0.29668836700305296,-224.0,-0.3181818181818182,-2982.0,-0.29668689682618643,47500.0,0.004383940932164283,-5.429807202929864,426250.0
-72980096.0,-7.794247515413323,304.0,0.30158730158730157,-8909.0,-7.80122591943958,47500.0,0.004364805881001608,-5.434181562385857,426250.0
69299904.0,0.8809694470728078,-552.0,-1.2105263157894737,8460.0,0.8810664444907311,47500.0,0.00434583714547118,-5.4385368701299885,426250.0
-33735104.0,-0.7508682311446406,-56.0,-0.14,-4118.0,-0.7509117432531,47500.0,0.0043270325666135276,-5.442873291395276,426250.0
36087168.0,0.4454364765883223,176.0,0.3055555555555556,4405.0,0.44544443320861565,47500.0,0.004308390022675737,-5.447190989274452,426250.0
-13736704.0,-0.2041764488769325,160.0,0.21739130434782608,-1677.0,-0.20421334632245494,47500.0,0.004289907428313389,-5.4514901247567575,426250.0
24120768.0,0.2639052177170606,-584.0,-3.8421052631578947,2945.0,0.26395984583669446,47500.0,0.00427158273381295,-5.455770856763977,426250.0
-57040512.0,-1.6601404098298056,48.0,0.24,-6963.0,-1.6602288984263234,47500.0,0.004253413924334005,-5.460033342185678,426250.0
8474432.0,0.1978469078249436,488.0,0.7093023255813954,1034.0,0.19778117827084926,47500.0,0.0042353990191707535,-5.464277735913713,426250.0
89815680.0,0.6770929828624364,-176.0,-0.34375,10964.0,0.6771245059288538,47500.0,0.004217536071032186,-5.468504190875998,426250.0
-111103808.0,-5.156789239639618,-488.0,-20.333333333333332,-13562.0,-5.156653992395437,47500.0,0.004199823165340406,-5.4727128580695705,426250.0
70976000.0,0.7671326876690857,64.0,0.7272727272727273,8664.0,0.767132990968656,47500.0,0.004182258419546555,-5.476903886592963,426250.0
64.0,6.917332344615964e-07,8.0,0.08333333333333333,0.0,0.0,47500.0,0.004164839982463832,-5.481077423677893,426250.0
-384.0,-4.1504166326563085e-06,-48.0,-1.0,0.0,0.0,47500.0,0.004147566033617114,-5.485233614720301,383750.0
-30197888.0,-0.4845388561875382,752.0,0.94,-3687.0,-0.48468515840673065,47500.0,0.004130434782608695,-5.489372603310746,341250.0
-30536256.0,-0.9606617713679387,-584.0,-2.7037037037037037,-3727.0,-0.9605670103092784,47500.0,0.004113444468499676,-5.493494531264165,331250.0
59552896.0,0.6519943861360262,656.0,0.7522935779816514,7269.0,0.6519867252668401,47500.0,0.004096593359206554,-5.497599538649037,331250.0
30169984.0,0.24829307269037448,-144.0,-0.1978021978021978,3683.0,0.24831445523193096,47500.0,0.0040798797509126045,-5.501687763815937,331250.0
4501376.0,0.03572210362934826,-528.0,-2.64,550.0,0.03575607853335067,47500.0,0.0040633019674935844,-5.5057593434255185,331250.0
-73108288.0,-1.3819398406008196,664.0,0.7685185185185185,-8925.0,-1.382220845593929,47500.0,0.004046858359957401,-5.509814412475923,331250.0
64.0,1.2097676641201057e-06,8.0,0.009174311926605505,0.0,0.0,47500.0,0.004030547305897327,-5.513853104329636,331250.0
64.0,1.209763273522637e-06,8.0,0.008928571428571428,0.0,0.0,37500.0,0.003169237270230298,-5.754264328804038,288750.0
64.0,1.2097618099972296e-06,8.0,0.008849557522123894,0.0,0.0,47500.0,0.003998316498316498,-5.52188188187604,256250.0
64.0,1.2097603464753631e-06,8.0,0.008771929824561403,0.0,0.0,47500.0,0.0039823936281701946,-5.525872226349667,213750.0
64.0,1.209758882957038e-06,8.0,0.008695652173913044,0.0,0.0,47500.0,0.003966597077244259,-5.529846711238521,171250.0
64.0,1.2097574194422535e-06,8.0,0.008620689655172414,0.0,0.0,47500.0,0.003950925348305261,-5.533805462111222,128750.0
64.0,1.20975595593101e-06,8.0,0.008547008547008548,0.0,0.0,47500.0,0.003935376967688484,-5.537748603050981,86250.0
64.0,5.699532068417183e-06,8.0,0.010752688172043012,0.0,0.0,32500.0,0.0026688564976390886,-5.926105176345006,156250.0
64.0,5.6994995839365305e-06,8.0,0.010638297872340425,0.0,0.0,47500.0,0.003885480572597137,-5.550508603302477,128750.0
64.0,5.699467099826166e-06,8.0,0.010526315789473684,0.0,0.0,47500.0,0.0038704420452230597,-5.554386554891612,86250.0
64.0,8.538849202215319e-07,8.0,0.021739130434782608,0.0,0.0,32500.0,0.0026104417670682733,-5.948235812557162,326250.0
64.0,8.538841911026975e-07,8.0,0.02127659574468085,0.0,0.0,47500.0,0.003800760152030406,-5.57255419224713,298750.0
64.0,8.538834619851082e-07,8.0,0.020833333333333332,0.0,0.0,47500.0,0.003786369071343165,-5.576347747759927,256250.0
64.0,8.538827328687642e-07,8.0,0.02040816326530612,0.0,0.0,47500.0,0.003772086559459996,-5.58012696657921,213750.0
64.0,8.538820037536653e-07,8.0,0.02,0.0,0.0,47500.0,0.0037579113924050634,-5.583891956660253,171250.0
64.0,8.538812746398116e-07,8.0,0.0196078431372549,0.0,0.0,47500.0,0.00374384236453202,-5.587642824743548,128750.0
64.0,8.538805455272029e-07,8.0,0.019230769230769232,0.0,0.0,47500.0,0.003729878288182175,-5.591379676372962,86250.0
2818048.0,0.027489864236330923,0.0,0.0,344.0,0.027491408934707903,32500.0,0.0025286909161641702,-5.980053534593968,411250.0
20417152.0,0.1660884269449992,-688.0,-21.5,2493.0,0.16613354658136745,47500.0,0.003682170542635659,-5.6042528793091675,426250.0
8187136.0,0.062441670213638334,416.0,0.9285714285714286,999.0,0.06241799437675726,47500.0,0.0036686619038424407,-5.607928287257451,426250.0
-61184000.0,-0.8749002467291909,256.0,0.36363636363636365,-7469.0,-0.875,47500.0,0.0036552520200076955,-5.611590236034995,426250.0
35346624.0,0.3357418630056043,-232.0,-0.4915254237288136,4315.0,0.33577153528908255,47500.0,0.003641939812152578,-5.615238823855952,426250.0
64.0,6.079071701434905e-07,8.0,0.016666666666666666,0.0,0.0,47500.0,0.003628724216959511,-5.61887414786335,426250.0
64.0,6.079068005925876e-07,8.0,0.01639344262295082,0.0,0.0,47500.0,0.003615604186489058,-5.622496304144611,383750.0
64.0,6.07906431042134e-07,8.0,0.016129032258064516,0.0,0.0,47500.0,0.00360257868790292,-5.626105387746791,341250.0
64.0,6.079060614921297e-07,8.0,0.015873015873015872,0.0,0.0,47500.0,0.0035896467031928964,-5.629701492691547,298750.0
64.0,6.079056919425748e-07,8.0,0.015625,0.0,0.0,47500.0,0.0035768072289156625,-5.6332847119898295,256250.0
64.0,6.079053223934691e-07,8.0,0.015384615384615385,0.0,0.0,47500.0,0.0035640592759332208,-5.636855137656321,213750.0
64.0,6.079049528448128e-07,8.0,0.015151515151515152,0.0,0.0,47500.0,0.0035514018691588786,-5.640412860723612,171250.0
64.0,6.079045832966058e-07,8.0,0.014925373134328358,0.0,0.0,47500.0,0.0035388340473086234,-5.643957971256129,128750.0
64.0,6.07904213748848e-07,8.0,0.014705882352941176,0.0,0.0,47500.0,0.003526354862657758,-5.647490558363814,86250.0
-65043904.0,-2.861711263976843,72.0,0.13043478260869565,-7940.0,-2.8622927180966116,47500.0,0.0034520348837209303,-5.6687914004467395,426250.0
-20722752.0,-10.328984305218833,376.0,0.4051724137931034,-2530.0,-10.368852459016393,47500.0,0.0034401593336954553,-5.672237490734747,426250.0
75954688.0,0.9742656837473526,-192.0,-0.2608695652173913,9272.0,0.9743589743589743,47500.0,0.003428365211115121,-5.675671746256484,426250.0
-4867584.0,-0.06659405087541723,-192.0,-0.35294117647058826,-594.0,-0.06657700067249496,47500.0,0.0034166516813522747,-5.679094248021124,426250.0
-47800320.0,-1.8898594143783969,0.0,0.0,-5835.0,-1.8901846452866862,47500.0,0.0034050179211469536,-5.682505076208916,426250.0
46505408.0,0.6477214888608201,-72.0,-0.15254237288135594,5677.0,0.6477635782747604,47500.0,0.0033934631184140023,-5.685904310182453,426250.0
45851776.0,0.38972955771275947,144.0,0.23376623376623376,5597.0,0.3897360908014762,47500.0,0.003381986472054112,-5.689292028497748,426250.0
-46900800.0,-0.6629140810160477,-200.0,-0.4807692307692308,-5725.0,-0.6629226493747105,47500.0,0.0033705871917686712,-5.692668308915135,426250.0
-52056576.0,-2.7848368232925678,448.0,0.5185185185185185,-6355.0,-2.786058746163963,47500.0,0.0033592644978783595,-5.696033228409968,426250.0
112080256.0,0.8570588206506047,-336.0,-0.6363636363636364,13682.0,0.8571070600764268,47500.0,0.0033480176211453743,-5.699386863183163,426250.0
-102587008.0,-3.6396296161740933,176.0,0.25,-12523.0,-3.640406976744186,47500.0,0.0033368458025992273,-5.702729288671542,426250.0
95205184.0,0.7715713108321676,-280.0,-0.660377358490566,11622.0,0.771610675873058,47500.0,0.003325748293366007,-5.706060579558022,426250.0
-64950464.0,-1.1113884210272709,488.0,0.5350877192982456,-7929.0,-1.1115939997196131,47500.0,0.003314724354501047,-5.709380809781622,426250.0
32090240.0,0.35446658579277623,-752.0,-4.7,3918.0,0.35453805085512624,47500.0,0.0033037732568249,-5.712690052547313,426250.0
13717312.0,0.13158297014944614,488.0,0.7530864197530864,1674.0,0.13155206286836935,47500.0,0.003292894280762565,-5.7159883803357046,426250.0
-34170112.0,-0.48759923760677204,-160.0,-0.32786885245901637,-4171.0,-0.48760813654430674,47500.0,0.0032820867161858698,-5.719275864912564,426250.0
58536768.0,0.45513159269709047,-408.0,-5.1,7146.0,0.4551592356687898,47500.0,0.0032713498622589533,-5.722552577338192,426250.0
-111315712.0,-6.434684168078667,672.0,0.8936170212765957,-13589.0,-6.437233538607295,47500.0,0.0032606830272867687,-5.725818587976634,426250.0
70700672.0,0.8034167272727273,-560.0,-2.9166666666666665,8631.0,0.8034816607708062,47500.0,0.003250085528566541,-5.7290739665047505,426250.0
-15964800.0,-0.2216249833414775,176.0,0.4782608695652174,-1949.0,-0.2216535880814284,47500.0,0.003239556692242114,-5.732318781921135,426250.0
49261952.0,0.40612620484279793,432.0,0.54,6013.0,0.40611914088882883,47500.0,0.003229095853161115,-5.735553102554888,426250.0
-77309760.0,-1.7575436161343687,-232.0,-0.4084507042253521,-9437.0,-1.7576829949711306,47500.0,0.0032187023547348807,-5.7387769960742485,426250.0
73262656.0,0.6248411599797383,200.0,0.2604166666666667,8943.0,0.6248602571268865,47500.0,0.003208375548801081,-5.741990529495096,426250.0
-31889536.0,-0.3735865126957064,240.0,0.23809523809523808,-3893.0,-0.37364430367597656,47500.0,0.0031981147954889748,-5.745193769189301,426250.0
-58423296.0,-2.168869121441503,-768.0,-3.2,-7131.0,-2.1687956204379564,47500.0,0.0031879194630872482,-5.748386780892955,426250.0
81968256.0,0.7526550731996277,-112.0,-0.875,10006.0,0.7526703776139612,47500.0,0.003177788927914367,-5.751569629714464,426250.0
-32926272.0,-0.43335902457514686,696.0,0.8446601941747572,-4020.0,-0.43346991589389694,47500.0,0.003167722574191397,-5.754742380142514,426250.0
37929792.0,0.3329832995098403,104.0,0.11206896551724138,4630.0,0.3329976985040276,47500.0,0.0031577197939172347,-5.757905096053911,426250.0
-75452736.0,-1.9620406105056092,-552.0,-1.4680851063829787,-9210.0,-1.962079250106519,47500.0,0.0031477799867461894,-5.761057840721299,426250.0
-28246592.0,-2.7666524579065483,-72.0,-0.23684210526315788,-3448.0,-2.767255216693419,47500.0,0.003137902559867878,-5.764200676820752,426250.0
95305408.0,0.9032397570652276,-40.0,-0.15151515151515152,11634.0,0.9032608695652173,47500.0,0.0031280869278893647,-5.767333666439254,426250.0
-30074496.0,-0.3986514631065383,-208.0,-3.7142857142857144,-3671.0,-0.398631773265284,47500.0,0.003118332512719514,-5.770456871082054,426250.0
21549056.0,0.22217896444848867,512.0,0.9014084507042254,2630.0,0.2221471408058113,47500.0,0.003108638743455497,-5.773570351679916,426250.0
23770688.0,0.1968418765369287,-312.0,-1.21875,2902.0,0.19686588426836715,47500.0,0.0030990050562714074,-5.776674168596248,426250.0
64.0,5.299751282672304e-07,8.0,0.030303030303030304,0.0,0.0,47500.0,0.003089430894308943,-5.779768381634123,426250.0
64.0,5.299748473937427e-07,8.0,0.029411764705882353,0.0,0.0,47500.0,0.0030799157075701088,-5.782853050043198,383750.0
64.0,5.299745665205526e-07,8.0,0.02857142857142857,0.0,0.0,47500.0,0.003070458952811894,-5.7859282325265164,341250.0
64.0,5.299742856476604e-07,8.0,0.027777777777777776,0.0,0.0,47500.0,0.003061060093442887,-5.7889939872472125,298750.0
64.0,5.299740047750658e-07,8.0,0.02702702702702703,0.0,0.0,47500.0,0.0030517185994217797,-5.792050371835113,256250.0
64.0,5.299737239027689e-07,8.0,0.02631578947368421,0.0,0.0,47500.0,0.003042433947157726,-5.795097443393238,213750.0
64.0,5.299734430307698e-07,8.0,0.02564102564102564,0.0,0.0,47500.0,0.003033205619412516,-5.798135258504199,171250.0
64.0,5.299731621590683e-07,8.0,0.025,0.0,0.0,47500.0,0.00302403310520452,-5.801163873236507,128750.0
64.0,5.299728812876646e-07,8.0,0.024390243902439025,0.0,0.0,47500.0,0.0030149158997143763,-5.804183343150779,86250.0
71774400.0,0.5780387786848152,-488.0,-1.4523809523809523,8762.0,0.5780827340502738,47500.0,0.0029659694036840464,-5.8205513510026625,426250.0
8403520.0,0.06338817915820034,-184.0,-1.2105263157894737,1026.0,0.0633998640548724,47500.0,0.0029571984435797665,-5.82351293059698,426250.0
-84262656.0,-1.7442183035057808,32.0,0.17391304347826086,-10286.0,-1.7442767508902832,47500.0,0.0029484792054624456,-5.826465765130425,426250.0
80539648.0,0.6250683589044893,512.0,0.735632183908046,9831.0,0.6250635808748728,47500.0,0.002939811233173449,-5.829409906096455,426250.0
-25973376.0,-0.2524727252141141,-592.0,-5.6923076923076925,-3170.0,-0.25242873068960026,47500.0,0.0029311940759024994,-5.832345404535052,426250.0
7911552.0,0.07141194242817242,784.0,0.8828828828828829,965.0,0.07135990534644679,47500.0,0.0029226272881095216,-5.835272311038028,426250.0
19300544.0,0.14836521819557558,24.0,0.02631578947368421,2356.0,0.14837206373197304,47500.0,0.002914110429447853,-5.838190675754258,426250.0
-82153344.0,-1.7138588480333252,-496.0,-1.1923076923076923,-10028.0,-1.7138950606733891,47500.0,0.00290564306468879,-5.841100548394835,426250.0
25568640.0,0.34785675103831987,176.0,0.2972972972972973,3121.0,0.3478600089166295,47500.0,0.0028972247636474533,-5.844001978238153,426250.0
35000960.0,0.32257664948271186,-432.0,-2.7,4273.0,0.32261230653076634,47500.0,0.0028888551011099287,-5.84689501413491,426250.0
-103839488.0,-22.26007024475908,288.0,0.6428571428571429,-12676.0,-22.27768014059754,47500.0,0.002880533656761674,-5.849779704513049,426250.0
117348608.0,0.961767883931475,-224.0,-1.0,14325.0,0.9617966966563717,47500.0,0.002872260015117158,-5.852656097382615,426250.0
-21831616.0,-0.2179199292678081,8.0,0.034482758620689655,-2665.0,-0.2179246054460708,47500.0,0.0028640337654507087,-5.855524240340557,426250.0
-82487296.0,-4.661740397935452,768.0,0.768,-10070.0,-4.664196387216304,47500.0,0.0028558545017285434,-5.858384180575447,426250.0
29632064.0,0.6261186945385799,-824.0,-4.681818181818182,3618.0,0.6262766141595985,47500.0,0.0028477218225419665,-5.861235964872142,426250.0
-47278208.0,-977.1455026455027,752.0,0.8103448275862069,-5772.0,-1154.4,47500.0,0.0028396353310416976,-5.864079639616376,426250.0
21564416.0,0.9977613266212615,-640.0,-2.2222222222222223,2633.0,0.9981046247156937,47500.0,0.0028315946348733234,-5.866915250799287,426250.0
37109184.0,0.631947040481466,-72.0,-0.3333333333333333,4530.0,0.6319754464285714,47500.0,0.0028235993461138355,-5.869742844021878,426250.0
-31815424.0,-1.1824411593306614,288.0,0.5714285714285714,-3884.0,-1.1827040194884288,47500.0,0.002815649081209247,-5.872562464499419,426250.0
81289024.0,0.7513155435253254,-24.0,-0.05,9923.0,0.7513439842507761,47500.0,0.0028077434609132556,-5.875374157065785,426250.0
-53145920.0,-0.96541769991548,472.0,0.4957983193277311,-6488.0,-0.9656198839112963,47500.0,0.002799882110226938,-5.878177966177735,426250.0
-23700608.0,-0.7560230202785053,-144.0,-0.1782178217821782,-2893.0,-0.7561421850496602,47500.0,0.0027920646583394562,-5.880973935919126,426250.0
-29289728.0,-14.222954284115984,-416.0,-1.0612244897959184,-3575.0,-14.243027888446216,47500.0,0.002784290738569754,-5.883762110005074,426250.0
64.0,3.107713344521101e-05,8.0,0.02,0.0,0.0,47500.0,0.002776559988309221,-5.886542531786057,426250.0
64.0,3.107616768700084e-05,8.0,0.0196078431372549,0.0,0.0,47500.0,0.002768872048965316,-5.8893152442519545,383750.0
64.0,3.1075201988812927e-05,8.0,0.019230769230769232,0.0,0.0,47500.0,0.0027612265659061183,-5.89208029003604,341250.0
64.0,3.107423635064168e-05,8.0,0.018867924528301886,0.0,0.0,47500.0,0.0027536231884057972,-5.89483771141891,298750.0
64.0,3.107327077248151e-05,8.0,0.018518518518518517,0.0,0.0,47500.0,0.0027460615695909813,-5.8975875503323705,256250.0
64.0,3.107230525432682e-05,8.0,0.01818181818181818,0.0,0.0,47500.0,0.002738541366388008,-5.9003298483632545,213750.0
64.0,3.107133979617201e-05,8.0,0.017857142857142856,0.0,0.0,47500.0,0.0027310622394710366,-5.9030646467572,171250.0
64.0,3.1070374398011494e-05,8.0,0.017543859649122806,0.0,0.0,47500.0,0.0027236238532110093,-5.905791986422376,128750.0
64.0,3.106940905983968e-05,8.0,0.017241379310344827,0.0,0.0,47500.0,0.0027162258756254468,-5.908511907933141,86250.0
7424704.0,0.12333814944402095,344.0,0.8775510204081632,906.0,0.12329885683179097,47500.0,0.002685512367491166,-5.919883743344998,426250.0
-26282368.0,-0.7749348500087747,-304.0,-3.4545454545454546,-3208.0,-0.77487922705314,47500.0,0.0026783197067944743,-5.9225656561671265,426250.0
53338560.0,0.6113011663950311,56.0,0.3888888888888889,6511.0,0.611304102901136,47500.0,0.0026711654716715873,-5.925240395567075,426250.0
-42809664.0,-0.9632166694266645,216.0,0.6,-5226.0,-0.9633179723502304,47500.0,0.00266404935501963,-5.927907999816591,426250.0
72194048.0,0.6189554106855669,-256.0,-2.4615384615384617,8813.0,0.6189773844641101,47500.0,0.0026569710529995806,-5.930568506881955,426250.0
14802048.0,0.11261399219674753,912.0,0.8976377952755905,1806.0,0.112565445026178,47500.0,0.0026499302649930266,-5.933221954427226,426250.0
-126082752.0,-23.53245496679249,-984.0,-30.75,-15390.0,-23.53211009174312,47500.0,0.002642926693559605,-5.935868379817431,426250.0
21971968.0,0.803956649212698,128.0,0.8,2682.0,0.8039568345323741,47500.0,0.0026359600443951166,-5.938507820121734,426250.0
97432576.0,0.7809452286125252,640.0,0.8,11893.0,0.7809442510998752,47500.0,0.0026290300262903003,-5.9411403121165405,426250.0
-68072192.0,-1.2007758099039947,-608.0,-3.1666666666666665,-8309.0,-1.2007225433526012,47500.0,0.002622136351090257,-5.943765892288582,426250.0
29087872.0,0.33910624778964427,784.0,0.8032786885245902,3550.0,0.3390639923591213,47500.0,0.0026152787336545078,-5.946384596837943,426250.0
-79758272.0,-13.249375392041166,-120.0,-0.14018691588785046,-9736.0,-13.264305177111716,47500.0,0.0026084568918176825,-5.948996461681058,426250.0
79497280.0,0.9296073054713202,-760.0,-7.916666666666667,9705.0,0.9296867516045598,47500.0,0.002601670546350815,-5.951601522453669,426250.0
14109248.0,0.1416217146829014,328.0,0.7735849056603774,1722.0,0.14160019735219143,47500.0,0.002594919420923245,-5.954199814513741,426250.0
20309952.0,0.16933955317064425,248.0,0.36904761904761907,2479.0,0.1693306010928962,47500.0,0.002588203242065114,-5.956791372944341,426250.0
-38929152.0,-0.4805646675136047,-96.0,-0.16666666666666666,-4752.0,-0.48058252427184467,47500.0,0.0025815217391304346,-5.959376232556481,426250.0
-55329216.0,-2.154741698382671,-56.0,-0.1076923076923077,-6754.0,-2.155073388640715,47500.0,0.00257487464426074,-5.961954427891926,426250.0
58499008.0,0.6949532565325288,-8.0,-0.015625,7141.0,0.6949878345498783,47500.0,0.0025682616923492834,-5.964525993225959,426250.0
-39054656.0,-0.865530080066947,-424.0,-4.818181818181818,-4767.0,-0.8654684095860566,47500.0,0.0025616826210057976,-5.967090962570118,426250.0
-40178752.0,-8.127611920975635,376.0,0.8103448275862069,-4905.0,-8.134328358208956,47500.0,0.002555137170521786,-5.969649369674894,426250.0
43842432.0,0.8986697801332844,-144.0,-0.45,5352.0,0.8987405541561713,47500.0,0.0025486250838363516,-5.972201248032398,426250.0
42257984.0,0.4641495162597597,456.0,0.5876288659793815,5158.0,0.4641410960136777,47500.0,0.002542146106502542,-5.974746630878989,426250.0
8431680.0,0.08476130182859745,-760.0,-47.5,1030.0,0.08482253149962941,47500.0,0.002535699986654211,-5.97728555119787,426250.0
-28766464.0,-0.40682819981354595,480.0,0.967741935483871,-3512.0,-0.4069053412119106,47500.0,0.002529286474973376,-5.979818041721658,426250.0
-3886912.0,-0.05816796715247721,-488.0,-61.0,-474.0,-0.058109599117322545,47500.0,0.00252290532465808,-5.982344134934912,426250.0
29866112.0,0.30889058781867346,784.0,0.98989898989899,3645.0,0.3088459583121505,47500.0,0.0025165562913907285,-5.9848638630766295,426250.0
-45186880.0,-0.8773906127673323,24.0,0.029411764705882353,-5516.0,-0.8775055679287305,47500.0,0.00251023913330691,-5.987377258142727,426250.0
-25750912.0,-1.0000149123155844,-432.0,-1.125,-3143.0,-1.0,47500.0,0.002503953610964681,-5.989884351888464,426250.0
75929984.0,0.7467506064485592,-208.0,-1.1818181818181819,9269.0,0.7467773122784402,47500.0,0.0024976994873143156,-5.992385175830861,426250.0
-58848640.0,-1.3739450846323038,336.0,0.65625,-7184.0,-1.3741392501912777,47500.0,0.0024914765276685025,-5.9948797612510685,426250.0
64.0,1.494212169162748e-06,8.0,0.015384615384615385,0.0,0.0,47500.0,0.0024852844996729887,-5.997368139196722,426250.0
64.0,1.4942099364960776e-06,8.0,0.015151515151515152,0.0,0.0,47500.0,0.002479123173277662,-5.999850340484256,383750.0
